"count"	"source_file"
"2"	"C:\mcdo_ramsey_MASTER43\03_K43_DISCOVERY\K42_WAVE_ESCAPE_V01\K42_WAVE_ESCAPE_V01_20260513_073249\candidates\K42_valid_attempt14_knownTrue\candidate_K42.g6"
"2"	"C:\mcdo_ramsey_MASTER43\03_K43_DISCOVERY\K42_WAVE_ESCAPE_V01\K42_WAVE_ESCAPE_V01_20260513_073249\candidates\K42_valid_attempt17_knownTrue\candidate_K42.g6"
"2"	"C:\mcdo_ramsey_MASTER43\03_K43_DISCOVERY\K42_WAVE_ESCAPE_V01\K42_WAVE_ESCAPE_V01_20260513_073249\candidates\K42_valid_attempt20_knownTrue\candidate_K42.g6"
"2"	"C:\mcdo_ramsey_MASTER43\03_K43_DISCOVERY\K42_WAVE_ESCAPE_V01\K42_WAVE_ESCAPE_V01_20260513_073249\candidates\K42_valid_attempt22_knownTrue\candidate_K42.g6"
"2"	"C:\mcdo_ramsey_MASTER43\03_K43_DISCOVERY\K42_WAVE_ESCAPE_V01\K42_WAVE_ESCAPE_V01_20260513_073249\candidates\K42_valid_attempt25_knownTrue\candidate_K42.g6"
"2"	"C:\mcdo_ramsey_MASTER43\03_K43_DISCOVERY\K42_WAVE_ESCAPE_V01\K42_WAVE_ESCAPE_V01_20260513_073249\candidates\K42_valid_attempt2_knownTrue\candidate_K42.g6"
"2"	"C:\mcdo_ramsey_MASTER43\03_K43_DISCOVERY\K42_WAVE_ESCAPE_V01\K42_WAVE_ESCAPE_V01_20260513_073249\candidates\K42_valid_attempt31_knownTrue\candidate_K42.g6"
"2"	"C:\mcdo_ramsey_MASTER43\03_K43_DISCOVERY\K42_WAVE_ESCAPE_V01\K42_WAVE_ESCAPE_V01_20260513_073249\candidates\K42_valid_attempt5_knownTrue\candidate_K42.g6"
"2"	"C:\mcdo_ramsey_MASTER43\03_K43_DISCOVERY\K42_WAVE_ESCAPE_V01\K42_WAVE_ESCAPE_V01_20260513_073249\candidates\K42_valid_attempt8_knownTrue\candidate_K42.g6"
